Timestamp,CO2 (ppm),Temperature (°C),Humidity (%)
2024-12-04 17:35:39,3810 ppm,27.3 °C,44.8 %RH
2024-12-04 17:35:44,3793 ppm,26.8 °C,45.7 %RH
2024-12-04 17:35:49,3797 ppm,26.6 °C,46.4 %RH
2024-12-04 17:35:54,3802 ppm,26.3 °C,47.0 %RH
2024-12-04 17:35:59,3784 ppm,26.1 °C,47.6 %RH
2024-12-04 17:36:04,3785 ppm,25.9 °C,48.2 %RH
2024-12-04 17:36:09,3786 ppm,25.6 °C,48.8 %RH
2024-12-04 17:36:14,3785 ppm,25.5 °C,49.4 %RH
2024-12-04 17:36:19,3787 ppm,25.3 °C,49.9 %RH
2024-12-04 17:36:24,3789 ppm,25.1 °C,50.5 %RH
2024-12-04 17:36:29,3795 ppm,25.0 °C,50.9 %RH
2024-12-04 17:36:34,3797 ppm,24.9 °C,51.3 %RH
2024-12-04 17:36:39,3800 ppm,24.8 °C,51.6 %RH
2024-12-04 17:36:44,3805 ppm,24.5 °C,52.2 %RH
2024-12-04 17:36:49,3806 ppm,24.4 °C,52.5 %RH
2024-12-04 17:36:54,3808 ppm,24.3 °C,52.8 %RH
2024-12-04 17:36:59,3809 ppm,24.3 °C,53.1 %RH
2024-12-04 17:37:04,3816 ppm,24.2 °C,53.3 %RH
2024-12-04 17:37:09,3820 ppm,24.1 °C,53.4 %RH
2024-12-04 17:37:14,3821 ppm,24.0 °C,53.6 %RH
2024-12-04 17:37:19,3822 ppm,24.0 °C,53.8 %RH
2024-12-04 17:37:24,3827 ppm,23.9 °C,53.9 %RH
2024-12-04 17:37:29,3826 ppm,23.9 °C,54.0 %RH
2024-12-04 17:37:34,3828 ppm,23.8 °C,54.2 %RH
2024-12-04 17:37:39,3828 ppm,23.8 °C,54.3 %RH
2024-12-04 17:37:44,3828 ppm,23.8 °C,54.4 %RH
2024-12-04 17:37:49,3831 ppm,23.7 °C,54.5 %RH
2024-12-04 17:37:54,3830 ppm,23.7 °C,54.6 %RH
2024-12-04 17:37:59,3832 ppm,23.7 °C,54.8 %RH
2024-12-04 17:38:04,3832 ppm,23.6 °C,54.8 %RH
2024-12-04 17:38:09,3832 ppm,23.6 °C,54.9 %RH
2024-12-04 17:38:14,3832 ppm,23.6 °C,54.9 %RH
2024-12-04 17:38:19,3831 ppm,23.6 °C,54.9 %RH
2024-12-04 17:38:24,3830 ppm,23.6 °C,55.0 %RH
2024-12-04 17:38:29,3830 ppm,23.5 °C,55.0 %RH
2024-12-04 17:38:34,3830 ppm,23.5 °C,55.0 %RH
2024-12-04 17:38:39,3831 ppm,23.5 °C,55.1 %RH
2024-12-04 17:38:44,3831 ppm,23.5 °C,55.2 %RH
2024-12-04 17:38:49,3831 ppm,23.5 °C,55.3 %RH
2024-12-04 17:38:54,3832 ppm,23.5 °C,55.3 %RH
2024-12-04 17:38:59,3834 ppm,23.4 °C,55.4 %RH
2024-12-04 17:39:04,3833 ppm,23.5 °C,55.4 %RH
2024-12-04 17:39:09,3833 ppm,23.4 °C,55.5 %RH
2024-12-04 17:39:14,3836 ppm,23.4 °C,55.6 %RH
2024-12-04 17:39:19,3838 ppm,23.4 °C,55.6 %RH
2024-12-04 17:39:24,3839 ppm,23.3 °C,55.7 %RH
2024-12-04 17:39:29,3839 ppm,23.3 °C,55.7 %RH
2024-12-04 17:39:34,3840 ppm,23.3 °C,55.7 %RH
2024-12-04 17:39:39,3839 ppm,23.3 °C,55.7 %RH
2024-12-04 17:39:44,3839 ppm,23.3 °C,55.6 %RH
2024-12-04 17:39:49,3839 ppm,23.3 °C,55.6 %RH
2024-12-04 17:39:54,3839 ppm,23.3 °C,55.7 %RH
2024-12-04 17:39:59,3838 ppm,23.3 °C,55.7 %RH
2024-12-04 17:40:04,3835 ppm,23.3 °C,55.6 %RH
2024-12-04 17:40:09,3837 ppm,23.3 °C,55.7 %RH
2024-12-04 17:40:14,3846 ppm,23.3 °C,55.8 %RH
2024-12-04 17:40:19,3855 ppm,23.3 °C,55.8 %RH
2024-12-04 17:40:24,3873 ppm,23.3 °C,55.8 %RH
2024-12-04 17:40:29,3878 ppm,23.3 °C,55.8 %RH
2024-12-04 17:40:34,3879 ppm,23.3 °C,55.8 %RH
2024-12-04 17:40:39,3885 ppm,23.3 °C,55.8 %RH
2024-12-04 17:40:44,3887 ppm,23.3 °C,55.8 %RH
2024-12-04 17:40:49,3888 ppm,23.3 °C,55.7 %RH
2024-12-04 17:40:54,3891 ppm,23.3 °C,55.7 %RH
2024-12-04 17:40:59,3897 ppm,23.4 °C,55.7 %RH
2024-12-04 17:41:04,3897 ppm,23.4 °C,55.7 %RH
2024-12-04 17:41:09,3896 ppm,23.4 °C,55.7 %RH
2024-12-04 17:41:14,3900 ppm,23.4 °C,55.7 %RH
2024-12-04 17:41:19,3900 ppm,23.4 °C,55.8 %RH
2024-12-04 17:41:24,3900 ppm,23.3 °C,55.8 %RH
2024-12-04 17:41:29,3901 ppm,23.4 °C,55.9 %RH
2024-12-04 17:41:34,3900 ppm,23.3 °C,55.8 %RH
2024-12-04 17:41:39,3899 ppm,23.4 °C,55.8 %RH
2024-12-04 17:41:44,3899 ppm,23.4 °C,55.9 %RH
2024-12-04 17:41:49,3900 ppm,23.3 °C,55.9 %RH
2024-12-04 17:41:54,3906 ppm,23.4 °C,55.9 %RH
2024-12-04 17:41:59,3923 ppm,23.3 °C,56.2 %RH
2024-12-04 17:42:04,3935 ppm,23.4 °C,56.2 %RH
2024-12-04 17:42:09,3944 ppm,23.4 °C,56.2 %RH
2024-12-04 17:42:14,3956 ppm,23.4 °C,56.2 %RH
2024-12-04 17:42:19,3963 ppm,23.4 °C,56.2 %RH
2024-12-04 17:42:24,3969 ppm,23.4 °C,56.2 %RH
2024-12-04 17:42:29,3991 ppm,23.4 °C,56.3 %RH
2024-12-04 17:42:34,4004 ppm,23.4 °C,56.5 %RH
2024-12-04 17:42:39,4022 ppm,23.4 °C,56.4 %RH
2024-12-04 17:42:44,4035 ppm,23.4 °C,56.4 %RH
2024-12-04 17:42:49,4056 ppm,23.4 °C,56.2 %RH
2024-12-04 17:42:54,4059 ppm,23.4 °C,56.1 %RH
2024-12-04 17:42:59,4058 ppm,23.4 °C,56.0 %RH
2024-12-04 17:43:04,4057 ppm,23.4 °C,56.0 %RH
2024-12-04 17:43:09,4056 ppm,23.4 °C,55.9 %RH
2024-12-04 17:43:14,4055 ppm,23.4 °C,55.9 %RH
2024-12-04 17:43:19,4055 ppm,23.4 °C,55.9 %RH
2024-12-04 17:43:24,4051 ppm,23.4 °C,55.8 %RH
2024-12-04 17:43:29,4042 ppm,23.4 °C,55.7 %RH
2024-12-04 17:43:34,4036 ppm,23.4 °C,55.7 %RH
2024-12-04 17:43:39,4034 ppm,23.4 °C,55.7 %RH
2024-12-04 17:43:44,4026 ppm,23.4 °C,55.7 %RH
2024-12-04 17:43:49,4022 ppm,23.4 °C,55.7 %RH
2024-12-04 17:43:54,4013 ppm,23.4 °C,55.6 %RH
2024-12-04 17:43:59,4005 ppm,23.4 °C,55.6 %RH
2024-12-04 17:44:04,4005 ppm,23.4 °C,55.7 %RH
2024-12-04 17:44:09,4007 ppm,23.4 °C,55.8 %RH
2024-12-04 17:44:14,4005 ppm,23.4 °C,55.7 %RH
2024-12-04 17:44:19,4006 ppm,23.4 °C,55.8 %RH
2024-12-04 17:44:24,4006 ppm,23.4 °C,55.7 %RH
2024-12-04 17:44:29,4009 ppm,23.4 °C,55.6 %RH
2024-12-04 17:44:34,4010 ppm,23.4 °C,55.7 %RH
2024-12-04 17:44:39,4023 ppm,23.4 °C,55.8 %RH
2024-12-04 17:44:44,4044 ppm,23.4 °C,56.0 %RH
2024-12-04 17:44:49,4048 ppm,23.4 °C,56.1 %RH
2024-12-04 17:44:54,4058 ppm,23.4 °C,56.0 %RH
2024-12-04 17:44:59,4061 ppm,23.4 °C,55.9 %RH
2024-12-04 17:45:04,4063 ppm,23.5 °C,55.9 %RH
2024-12-04 17:45:09,4063 ppm,23.4 °C,55.8 %RH
2024-12-04 17:45:14,4060 ppm,23.5 °C,55.7 %RH
2024-12-04 17:45:19,4057 ppm,23.5 °C,55.7 %RH
2024-12-04 17:45:24,4056 ppm,23.5 °C,55.7 %RH
2024-12-04 17:45:29,4051 ppm,23.5 °C,55.6 %RH
2024-12-04 17:45:35,4047 ppm,23.5 °C,55.6 %RH
2024-12-04 17:45:40,4045 ppm,23.5 °C,55.6 %RH
2024-12-04 17:45:45,4045 ppm,23.5 °C,55.7 %RH
2024-12-04 17:45:50,4045 ppm,23.5 °C,55.7 %RH
2024-12-04 17:45:55,4045 ppm,23.5 °C,55.7 %RH
2024-12-04 17:46:00,4044 ppm,23.5 °C,55.8 %RH
2024-12-04 17:46:05,4041 ppm,23.5 °C,55.9 %RH
2024-12-04 17:46:10,4041 ppm,23.5 °C,55.8 %RH
2024-12-04 17:46:15,4043 ppm,23.5 °C,56.0 %RH
2024-12-04 17:46:20,4046 ppm,23.5 °C,56.1 %RH
2024-12-04 17:46:25,4064 ppm,23.4 °C,56.3 %RH
2024-12-04 17:46:30,4104 ppm,23.5 °C,56.5 %RH
2024-12-04 17:46:35,4117 ppm,23.5 °C,56.5 %RH
2024-12-04 17:46:40,4131 ppm,23.4 °C,56.7 %RH
2024-12-04 17:46:45,4140 ppm,23.4 °C,56.7 %RH
2024-12-04 17:46:50,4151 ppm,23.4 °C,56.7 %RH
2024-12-04 17:46:55,4158 ppm,23.4 °C,56.6 %RH
2024-12-04 17:47:00,4158 ppm,23.4 °C,56.7 %RH
2024-12-04 17:47:05,4158 ppm,23.4 °C,56.6 %RH
2024-12-04 17:47:10,4159 ppm,23.4 °C,56.5 %RH
2024-12-04 17:47:15,4157 ppm,23.4 °C,56.5 %RH
2024-12-04 17:47:20,4157 ppm,23.4 °C,56.4 %RH
2024-12-04 17:47:25,4156 ppm,23.4 °C,56.4 %RH
2024-12-04 17:47:30,4154 ppm,23.4 °C,56.4 %RH
2024-12-04 17:47:35,4151 ppm,23.4 °C,56.3 %RH
2024-12-04 17:47:40,4139 ppm,23.4 °C,56.3 %RH
2024-12-04 17:47:45,4139 ppm,23.4 °C,56.4 %RH
2024-12-04 17:47:50,4134 ppm,23.4 °C,56.3 %RH
2024-12-04 17:47:55,4127 ppm,23.4 °C,56.4 %RH
2024-12-04 17:48:00,4125 ppm,23.4 °C,56.2 %RH
2024-12-04 17:48:05,4111 ppm,23.4 °C,56.1 %RH
2024-12-04 17:48:10,4100 ppm,23.4 °C,56.1 %RH
2024-12-04 17:48:15,4088 ppm,23.4 °C,56.0 %RH
2024-12-04 17:48:20,4084 ppm,23.4 °C,55.9 %RH
2024-12-04 17:48:25,4078 ppm,23.4 °C,55.8 %RH
2024-12-04 17:48:30,4077 ppm,23.4 °C,55.8 %RH
2024-12-04 17:48:35,4072 ppm,23.4 °C,55.8 %RH
2024-12-04 17:48:40,4069 ppm,23.4 °C,55.8 %RH
2024-12-04 17:48:45,4067 ppm,23.4 °C,55.8 %RH
2024-12-04 17:48:50,4057 ppm,23.4 °C,55.8 %RH
2024-12-04 17:48:55,4054 ppm,23.4 °C,55.8 %RH
2024-12-04 17:49:00,4053 ppm,23.4 °C,55.8 %RH
2024-12-04 17:49:05,4052 ppm,23.4 °C,55.8 %RH
2024-12-04 17:49:10,4052 ppm,23.4 °C,55.7 %RH
2024-12-04 17:49:15,4051 ppm,23.4 °C,55.7 %RH
2024-12-04 17:49:20,4049 ppm,23.4 °C,55.7 %RH
2024-12-04 17:49:25,4044 ppm,23.4 °C,55.6 %RH
2024-12-04 17:49:30,4040 ppm,23.4 °C,55.6 %RH
2024-12-04 17:49:35,4036 ppm,23.4 °C,55.7 %RH
2024-12-04 17:49:40,4035 ppm,23.4 °C,55.7 %RH
2024-12-04 17:49:45,4035 ppm,23.4 °C,55.7 %RH
2024-12-04 17:49:50,4036 ppm,23.4 °C,55.7 %RH
2024-12-04 17:49:55,4037 ppm,23.4 °C,55.7 %RH
2024-12-04 17:50:00,4037 ppm,23.4 °C,55.7 %RH
2024-12-04 17:50:05,4038 ppm,23.4 °C,55.7 %RH
2024-12-04 17:50:10,4038 ppm,23.4 °C,55.7 %RH
2024-12-04 17:50:15,4038 ppm,23.4 °C,55.7 %RH
2024-12-04 17:50:20,4039 ppm,23.5 °C,55.6 %RH
2024-12-04 17:50:25,4042 ppm,23.4 °C,55.5 %RH
2024-12-04 17:50:30,4041 ppm,23.5 °C,55.6 %RH
2024-12-04 17:50:35,4042 ppm,23.4 °C,55.6 %RH
2024-12-04 17:50:40,4041 ppm,23.5 °C,55.7 %RH
2024-12-04 17:50:45,4041 ppm,23.5 °C,55.6 %RH
2024-12-04 17:50:50,4041 ppm,23.4 °C,55.7 %RH
2024-12-04 17:50:55,4042 ppm,23.4 °C,55.7 %RH
2024-12-04 17:51:00,4043 ppm,23.4 °C,55.7 %RH
2024-12-04 17:51:05,4056 ppm,23.4 °C,55.9 %RH
2024-12-04 17:51:10,4094 ppm,23.4 °C,56.2 %RH
2024-12-04 17:51:15,4110 ppm,23.4 °C,56.3 %RH
2024-12-04 17:51:20,4140 ppm,23.4 °C,56.4 %RH
2024-12-04 17:51:25,4142 ppm,23.4 °C,56.4 %RH
2024-12-04 17:51:30,4144 ppm,23.4 °C,56.4 %RH
2024-12-04 17:51:35,4152 ppm,23.4 °C,56.4 %RH
2024-12-04 17:51:40,4157 ppm,23.4 °C,56.3 %RH
2024-12-04 17:51:45,4157 ppm,23.4 °C,56.3 %RH
2024-12-04 17:51:50,4157 ppm,23.4 °C,56.4 %RH
2024-12-04 17:51:55,4158 ppm,23.4 °C,56.3 %RH
2024-12-04 17:52:00,4162 ppm,23.4 °C,56.4 %RH
2024-12-04 17:52:05,4163 ppm,23.4 °C,56.4 %RH
2024-12-04 17:52:10,4165 ppm,23.4 °C,56.4 %RH
2024-12-04 17:52:15,4165 ppm,23.4 °C,56.4 %RH
2024-12-04 17:52:20,4168 ppm,23.4 °C,56.3 %RH
2024-12-04 17:52:25,4168 ppm,23.4 °C,56.3 %RH
2024-12-04 17:52:30,4169 ppm,23.4 °C,56.3 %RH
2024-12-04 17:52:35,4169 ppm,23.4 °C,56.3 %RH
2024-12-04 17:52:40,4171 ppm,23.4 °C,56.4 %RH
2024-12-04 17:52:45,4171 ppm,23.4 °C,56.4 %RH
2024-12-04 17:52:50,4171 ppm,23.4 °C,56.3 %RH
2024-12-04 17:52:55,4190 ppm,23.4 °C,56.6 %RH
2024-12-04 17:53:00,4201 ppm,23.3 °C,56.6 %RH
2024-12-04 17:53:05,4207 ppm,23.4 °C,56.6 %RH
2024-12-04 17:53:10,4211 ppm,23.4 °C,56.6 %RH
2024-12-04 17:53:15,4214 ppm,23.4 °C,56.5 %RH
2024-12-04 17:53:20,4217 ppm,23.4 °C,56.5 %RH
2024-12-04 17:53:25,4216 ppm,23.4 °C,56.5 %RH
2024-12-04 17:53:30,4219 ppm,23.4 °C,56.4 %RH
2024-12-04 17:53:35,4220 ppm,23.4 °C,56.4 %RH
2024-12-04 17:53:40,4221 ppm,23.4 °C,56.4 %RH
2024-12-04 17:53:45,4224 ppm,23.5 °C,56.5 %RH
2024-12-04 17:53:50,4222 ppm,23.8 °C,61.2 %RH
2024-12-04 17:53:55,4824 ppm,23.7 °C,64.1 %RH
2024-12-04 17:54:00,5183 ppm,23.7 °C,63.8 %RH
2024-12-04 17:54:05,5369 ppm,23.7 °C,62.8 %RH
2024-12-04 17:54:10,5543 ppm,23.7 °C,62.0 %RH
2024-12-04 17:54:15,5550 ppm,23.6 °C,61.5 %RH
2024-12-04 17:54:20,5551 ppm,23.6 °C,61.2 %RH
2024-12-04 17:54:25,5534 ppm,23.5 °C,60.7 %RH
2024-12-04 17:54:30,5483 ppm,23.6 °C,60.3 %RH
2024-12-04 17:54:35,5408 ppm,23.5 °C,59.8 %RH
2024-12-04 17:54:40,5324 ppm,23.5 °C,59.4 %RH
2024-12-04 17:54:45,5221 ppm,23.5 °C,59.1 %RH
2024-12-04 17:54:50,5148 ppm,23.5 °C,58.7 %RH
2024-12-04 17:54:55,5077 ppm,23.5 °C,58.5 %RH
2024-12-04 17:55:00,4936 ppm,23.5 °C,58.1 %RH
2024-12-04 17:55:05,4882 ppm,23.4 °C,58.0 %RH
2024-12-04 17:55:10,4816 ppm,23.4 °C,57.9 %RH
2024-12-04 17:55:15,4749 ppm,23.4 °C,57.8 %RH
2024-12-04 17:55:20,4707 ppm,23.4 °C,57.6 %RH
2024-12-04 17:55:25,4673 ppm,23.4 °C,57.6 %RH
2024-12-04 17:55:30,4642 ppm,23.4 °C,57.6 %RH
2024-12-04 17:55:35,4601 ppm,23.3 °C,57.5 %RH
2024-12-04 17:55:40,4549 ppm,23.4 °C,57.4 %RH
2024-12-04 17:55:46,4521 ppm,23.3 °C,57.2 %RH
2024-12-04 17:55:51,4504 ppm,23.3 °C,57.2 %RH
2024-12-04 17:55:56,4486 ppm,23.3 °C,57.2 %RH
2024-12-04 17:56:01,4482 ppm,23.3 °C,57.2 %RH
2024-12-04 17:56:06,4467 ppm,23.3 °C,57.2 %RH
2024-12-04 17:56:11,4449 ppm,23.3 °C,57.3 %RH
2024-12-04 17:56:16,4434 ppm,23.3 °C,57.3 %RH
2024-12-04 17:56:21,4417 ppm,23.3 °C,57.3 %RH
2024-12-04 17:56:26,4416 ppm,23.3 °C,57.5 %RH
2024-12-04 17:56:31,4415 ppm,23.3 °C,57.4 %RH
2024-12-04 17:56:36,4407 ppm,23.3 °C,57.4 %RH
2024-12-04 17:56:41,4403 ppm,23.3 °C,57.5 %RH
2024-12-04 17:56:46,4399 ppm,23.3 °C,57.4 %RH
2024-12-04 17:56:51,4396 ppm,23.3 °C,57.4 %RH
2024-12-04 17:56:56,4394 ppm,23.3 °C,57.4 %RH
2024-12-04 17:57:01,4393 ppm,23.3 °C,57.5 %RH
2024-12-04 17:57:06,4394 ppm,23.3 °C,57.5 %RH
2024-12-04 17:57:11,4395 ppm,23.3 °C,57.6 %RH
2024-12-04 17:57:16,4395 ppm,23.3 °C,57.6 %RH
2024-12-04 17:57:21,4395 ppm,23.3 °C,57.5 %RH
2024-12-04 17:57:26,4396 ppm,23.2 °C,57.5 %RH
2024-12-04 17:57:31,4395 ppm,23.2 °C,57.5 %RH
2024-12-04 17:57:36,4395 ppm,23.2 °C,57.4 %RH
2024-12-04 17:57:41,4395 ppm,23.2 °C,57.4 %RH
2024-12-04 17:57:46,4397 ppm,23.2 °C,57.4 %RH
2024-12-04 17:57:51,4396 ppm,23.2 °C,57.4 %RH
2024-12-04 17:57:56,4396 ppm,23.2 °C,57.5 %RH
2024-12-04 17:58:01,4395 ppm,23.2 °C,57.5 %RH
2024-12-04 17:58:06,4400 ppm,23.2 °C,57.7 %RH
2024-12-04 17:58:11,4400 ppm,23.2 °C,57.7 %RH
2024-12-04 17:58:16,4400 ppm,23.1 °C,57.8 %RH
2024-12-04 17:58:21,4403 ppm,23.1 °C,57.8 %RH
2024-12-04 17:58:26,4409 ppm,23.1 °C,57.7 %RH
2024-12-04 17:58:31,4408 ppm,23.1 °C,57.6 %RH
2024-12-04 17:58:36,4411 ppm,23.1 °C,57.5 %RH
2024-12-04 17:58:41,4412 ppm,23.1 °C,57.5 %RH
2024-12-04 17:58:46,4412 ppm,23.1 °C,57.5 %RH
2024-12-04 17:58:51,4414 ppm,23.1 °C,57.6 %RH
2024-12-04 17:58:56,4414 ppm,23.1 °C,57.7 %RH
2024-12-04 17:59:01,4414 ppm,23.1 °C,57.6 %RH
2024-12-04 17:59:06,4416 ppm,23.1 °C,57.6 %RH
2024-12-04 17:59:11,4416 ppm,23.1 °C,57.6 %RH
2024-12-04 17:59:16,4417 ppm,23.1 °C,57.6 %RH
2024-12-04 17:59:21,4417 ppm,23.1 °C,57.5 %RH
2024-12-04 17:59:26,4417 ppm,23.1 °C,57.6 %RH
2024-12-04 17:59:31,4417 ppm,23.0 °C,57.5 %RH
2024-12-04 17:59:36,4417 ppm,23.0 °C,57.6 %RH
2024-12-04 17:59:41,4415 ppm,23.0 °C,57.6 %RH
2024-12-04 17:59:46,4414 ppm,23.1 °C,57.6 %RH
2024-12-04 17:59:51,4410 ppm,23.0 °C,57.5 %RH
2024-12-04 17:59:56,4412 ppm,23.1 °C,57.5 %RH
2024-12-04 18:00:01,4412 ppm,23.1 °C,57.5 %RH
2024-12-04 18:00:06,4412 ppm,23.1 °C,57.5 %RH
2024-12-04 18:00:11,4411 ppm,23.1 °C,57.5 %RH
2024-12-04 18:00:16,4408 ppm,23.1 °C,57.5 %RH
2024-12-04 18:00:21,4408 ppm,23.0 °C,57.5 %RH
2024-12-04 18:00:26,4411 ppm,23.1 °C,57.7 %RH
2024-12-04 18:00:31,4423 ppm,23.1 °C,57.8 %RH
2024-12-04 18:00:36,4424 ppm,23.1 °C,58.0 %RH
2024-12-04 18:00:41,4425 ppm,23.1 °C,58.0 %RH
2024-12-04 18:00:46,4425 ppm,23.1 °C,57.9 %RH
2024-12-04 18:00:51,4427 ppm,23.1 °C,57.9 %RH
2024-12-04 18:00:56,4431 ppm,23.1 °C,57.8 %RH
2024-12-04 18:01:01,4434 ppm,23.1 °C,57.8 %RH
2024-12-04 18:01:06,4435 ppm,23.0 °C,57.8 %RH
2024-12-04 18:01:11,4434 ppm,23.1 °C,57.8 %RH
2024-12-04 18:01:16,4438 ppm,23.0 °C,57.9 %RH
2024-12-04 18:01:21,4441 ppm,23.0 °C,57.9 %RH
2024-12-04 18:01:26,4442 ppm,23.0 °C,57.8 %RH
2024-12-04 18:01:31,4444 ppm,23.1 °C,57.7 %RH
2024-12-04 18:01:36,4448 ppm,23.1 °C,57.7 %RH
2024-12-04 18:01:41,4448 ppm,23.1 °C,57.7 %RH
2024-12-04 18:01:46,4447 ppm,23.1 °C,57.6 %RH
2024-12-04 18:01:51,4447 ppm,23.1 °C,57.6 %RH
2024-12-04 18:01:56,4448 ppm,23.1 °C,57.6 %RH
2024-12-04 18:02:01,4448 ppm,23.1 °C,57.7 %RH
2024-12-04 18:02:06,4449 ppm,23.1 °C,57.7 %RH
2024-12-04 18:02:11,4452 ppm,23.1 °C,57.8 %RH
2024-12-04 18:02:16,4455 ppm,23.1 °C,57.8 %RH
2024-12-04 18:02:21,4456 ppm,23.1 °C,57.8 %RH
2024-12-04 18:02:26,4457 ppm,23.1 °C,57.9 %RH
2024-12-04 18:02:31,4458 ppm,23.1 °C,57.9 %RH
2024-12-04 18:02:36,4458 ppm,23.1 °C,57.9 %RH
2024-12-04 18:02:41,4459 ppm,23.1 °C,58.0 %RH
2024-12-04 18:02:46,4460 ppm,23.1 °C,58.0 %RH
2024-12-04 18:02:51,4463 ppm,23.1 °C,58.0 %RH
2024-12-04 18:02:56,4467 ppm,23.1 °C,58.0 %RH
2024-12-04 18:03:01,4468 ppm,23.1 °C,58.0 %RH
2024-12-04 18:03:06,4467 ppm,23.1 °C,58.0 %RH
2024-12-04 18:03:11,4468 ppm,23.1 °C,57.9 %RH
2024-12-04 18:03:16,4471 ppm,23.1 °C,57.9 %RH
2024-12-04 18:03:21,4474 ppm,23.1 °C,57.9 %RH
2024-12-04 18:03:26,4475 ppm,23.1 °C,57.9 %RH
2024-12-04 18:03:31,4478 ppm,23.1 °C,57.9 %RH
2024-12-04 18:03:36,4487 ppm,23.0 °C,57.9 %RH
2024-12-04 18:03:41,4490 ppm,23.1 °C,57.9 %RH
2024-12-04 18:03:46,4491 ppm,23.0 °C,57.9 %RH
2024-12-04 18:03:51,4497 ppm,23.0 °C,57.9 %RH
2024-12-04 18:03:56,4499 ppm,23.0 °C,57.9 %RH
2024-12-04 18:04:01,4519 ppm,23.0 °C,58.1 %RH
2024-12-04 18:04:06,4525 ppm,23.0 °C,58.3 %RH
2024-12-04 18:04:11,4536 ppm,23.0 °C,58.3 %RH
2024-12-04 18:04:16,4550 ppm,23.0 °C,58.3 %RH
2024-12-04 18:04:21,4564 ppm,23.0 °C,58.5 %RH
2024-12-04 18:04:26,4575 ppm,23.0 °C,58.5 %RH
2024-12-04 18:04:31,4584 ppm,23.1 °C,58.5 %RH
2024-12-04 18:04:36,4590 ppm,23.1 °C,58.5 %RH
2024-12-04 18:04:41,4590 ppm,23.1 °C,58.4 %RH
2024-12-04 18:04:46,4592 ppm,23.1 °C,58.4 %RH
2024-12-04 18:04:51,4596 ppm,23.1 °C,58.4 %RH
2024-12-04 18:04:56,4597 ppm,23.1 °C,58.4 %RH
2024-12-04 18:05:01,4599 ppm,23.1 °C,58.5 %RH
2024-12-04 18:05:06,4599 ppm,23.1 °C,58.5 %RH
2024-12-04 18:05:11,4599 ppm,23.1 °C,58.5 %RH
2024-12-04 18:05:16,4600 ppm,23.1 °C,58.5 %RH
2024-12-04 18:05:21,4598 ppm,23.1 °C,58.5 %RH
2024-12-04 18:05:26,4598 ppm,23.1 °C,58.5 %RH
2024-12-04 18:05:32,4598 ppm,23.1 °C,58.6 %RH
2024-12-04 18:05:37,4597 ppm,23.1 °C,58.5 %RH
2024-12-04 18:05:42,4598 ppm,23.1 °C,58.5 %RH
2024-12-04 18:05:47,4598 ppm,23.1 °C,58.5 %RH
2024-12-04 18:05:52,4598 ppm,23.1 °C,58.5 %RH
2024-12-04 18:05:57,4598 ppm,23.1 °C,58.4 %RH
2024-12-04 18:06:02,4598 ppm,23.1 °C,58.5 %RH
2024-12-04 18:06:07,4599 ppm,23.1 °C,58.5 %RH
2024-12-04 18:06:12,4600 ppm,23.1 °C,58.5 %RH
2024-12-04 18:06:17,4602 ppm,23.1 °C,58.5 %RH
2024-12-04 18:06:22,4601 ppm,23.1 °C,58.5 %RH
2024-12-04 18:06:27,4632 ppm,23.1 °C,58.6 %RH
2024-12-04 18:06:32,4662 ppm,23.1 °C,58.8 %RH
2024-12-04 18:06:37,4700 ppm,23.1 °C,58.9 %RH
2024-12-04 18:06:42,4729 ppm,23.1 °C,58.9 %RH
2024-12-04 18:06:47,4738 ppm,23.1 °C,58.9 %RH
2024-12-04 18:06:52,4739 ppm,23.1 °C,58.9 %RH
2024-12-04 18:06:57,4747 ppm,23.1 °C,58.9 %RH
2024-12-04 18:07:02,4750 ppm,23.1 °C,58.8 %RH
2024-12-04 18:07:07,4748 ppm,23.1 °C,58.7 %RH
2024-12-04 18:07:12,4748 ppm,23.1 °C,58.7 %RH
2024-12-04 18:07:17,4746 ppm,23.1 °C,58.6 %RH
2024-12-04 18:07:22,4746 ppm,23.1 °C,58.6 %RH
2024-12-04 18:07:27,4732 ppm,23.1 °C,58.5 %RH
2024-12-04 18:07:32,4719 ppm,23.1 °C,58.4 %RH
2024-12-04 18:07:37,4714 ppm,23.1 °C,58.4 %RH
2024-12-04 18:07:42,4699 ppm,23.1 °C,58.2 %RH
2024-12-04 18:07:47,4689 ppm,23.1 °C,58.1 %RH
2024-12-04 18:07:52,4673 ppm,23.1 °C,58.1 %RH
2024-12-04 18:07:57,4664 ppm,23.1 °C,58.1 %RH
2024-12-04 18:08:02,4654 ppm,23.1 °C,58.1 %RH
2024-12-04 18:08:07,4630 ppm,23.1 °C,58.1 %RH
2024-12-04 18:08:12,4625 ppm,23.1 °C,58.1 %RH
2024-12-04 18:08:17,4611 ppm,23.1 °C,58.0 %RH
2024-12-04 18:08:22,4607 ppm,23.1 °C,58.0 %RH
2024-12-04 18:08:27,4604 ppm,23.1 °C,58.0 %RH
2024-12-04 18:08:32,4599 ppm,23.1 °C,57.9 %RH
2024-12-04 18:08:37,4592 ppm,23.1 °C,57.9 %RH
2024-12-04 18:08:42,4592 ppm,23.1 °C,57.9 %RH
2024-12-04 18:08:47,4587 ppm,23.2 °C,58.0 %RH
2024-12-04 18:08:52,4580 ppm,23.2 °C,58.0 %RH
2024-12-04 18:08:57,4574 ppm,23.2 °C,58.0 %RH
2024-12-04 18:09:02,4572 ppm,23.2 °C,58.0 %RH
2024-12-04 18:09:07,4572 ppm,23.2 °C,58.1 %RH
2024-12-04 18:09:12,4573 ppm,23.2 °C,58.0 %RH
2024-12-04 18:09:17,4573 ppm,23.2 °C,58.0 %RH
2024-12-04 18:09:22,4573 ppm,23.2 °C,58.1 %RH
2024-12-04 18:09:27,4574 ppm,23.2 °C,58.1 %RH
2024-12-04 18:09:32,4579 ppm,23.2 °C,58.2 %RH
2024-12-04 18:09:37,4586 ppm,23.2 °C,58.1 %RH
2024-12-04 18:09:42,4590 ppm,23.2 °C,58.1 %RH
2024-12-04 18:09:47,4590 ppm,23.2 °C,58.1 %RH
2024-12-04 18:09:52,4593 ppm,23.2 °C,58.1 %RH
2024-12-04 18:09:57,4594 ppm,23.2 °C,58.0 %RH
2024-12-04 18:10:02,4596 ppm,23.2 °C,58.1 %RH
2024-12-04 18:10:07,4597 ppm,23.2 °C,58.1 %RH
2024-12-04 18:10:12,4597 ppm,23.2 °C,58.0 %RH
2024-12-04 18:10:17,4596 ppm,23.2 °C,57.9 %RH
2024-12-04 18:10:22,4596 ppm,23.2 °C,58.0 %RH
2024-12-04 18:10:27,4596 ppm,23.2 °C,58.0 %RH
2024-12-04 18:10:32,4600 ppm,23.2 °C,57.9 %RH
2024-12-04 18:10:37,4602 ppm,23.2 °C,57.9 %RH
2024-12-04 18:10:42,4603 ppm,23.2 °C,58.0 %RH
2024-12-04 18:10:47,4612 ppm,23.2 °C,58.0 %RH
2024-12-04 18:10:52,4611 ppm,23.2 °C,58.0 %RH
2024-12-04 18:10:57,4613 ppm,23.2 °C,58.0 %RH
2024-12-04 18:11:02,4613 ppm,23.2 °C,58.0 %RH
2024-12-04 18:11:07,4613 ppm,23.2 °C,58.0 %RH
2024-12-04 18:11:12,4616 ppm,23.2 °C,58.0 %RH
2024-12-04 18:11:17,4616 ppm,23.2 °C,58.0 %RH
2024-12-04 18:11:22,4620 ppm,23.2 °C,58.1 %RH
2024-12-04 18:11:27,4624 ppm,23.2 °C,58.1 %RH
2024-12-04 18:11:32,4627 ppm,23.2 °C,58.2 %RH
2024-12-04 18:11:37,4628 ppm,23.2 °C,58.2 %RH
2024-12-04 18:11:42,4628 ppm,23.2 °C,58.2 %RH
2024-12-04 18:11:47,4633 ppm,23.2 °C,58.1 %RH
2024-12-04 18:11:52,4642 ppm,23.2 °C,58.1 %RH
2024-12-04 18:11:57,4653 ppm,23.2 °C,58.0 %RH
2024-12-04 18:12:02,4659 ppm,23.2 °C,58.0 %RH
2024-12-04 18:12:07,4661 ppm,23.2 °C,58.1 %RH
2024-12-04 18:12:12,4660 ppm,23.2 °C,58.0 %RH
2024-12-04 18:12:17,4662 ppm,23.2 °C,58.1 %RH
2024-12-04 18:12:22,4663 ppm,23.2 °C,58.0 %RH
2024-12-04 18:12:27,4666 ppm,23.2 °C,58.1 %RH
2024-12-04 18:12:32,4672 ppm,23.2 °C,58.1 %RH
2024-12-04 18:12:37,4676 ppm,23.2 °C,58.2 %RH
2024-12-04 18:12:42,4683 ppm,23.2 °C,58.3 %RH
2024-12-04 18:12:47,4697 ppm,23.2 °C,58.4 %RH
2024-12-04 18:12:52,4702 ppm,23.2 °C,58.5 %RH
2024-12-04 18:12:57,4733 ppm,23.2 °C,58.6 %RH
2024-12-04 18:13:02,4760 ppm,23.3 °C,58.7 %RH
2024-12-04 18:13:07,4778 ppm,23.2 °C,58.7 %RH
2024-12-04 18:13:12,4792 ppm,23.3 °C,58.6 %RH
2024-12-04 18:13:17,4796 ppm,23.2 °C,58.7 %RH
2024-12-04 18:13:22,4798 ppm,23.3 °C,58.7 %RH
2024-12-04 18:13:27,4800 ppm,23.3 °C,58.7 %RH
2024-12-04 18:13:32,4801 ppm,23.2 °C,58.6 %RH
2024-12-04 18:13:37,4802 ppm,23.3 °C,58.6 %RH
2024-12-04 18:13:42,4802 ppm,23.2 °C,58.6 %RH
2024-12-04 18:13:47,4801 ppm,23.2 °C,58.5 %RH
2024-12-04 18:13:52,4801 ppm,23.2 °C,58.5 %RH
2024-12-04 18:13:57,4800 ppm,23.2 °C,58.5 %RH
2024-12-04 18:14:02,4799 ppm,23.2 °C,58.3 %RH
2024-12-04 18:14:07,4793 ppm,23.2 °C,58.4 %RH
2024-12-04 18:14:12,4789 ppm,23.2 °C,58.3 %RH
2024-12-04 18:14:17,4788 ppm,23.3 °C,58.4 %RH
2024-12-04 18:14:22,4787 ppm,23.2 °C,58.3 %RH
2024-12-04 18:14:27,4786 ppm,23.2 °C,58.4 %RH
2024-12-04 18:14:32,4781 ppm,23.2 °C,58.3 %RH
2024-12-04 18:14:37,4780 ppm,23.2 °C,58.3 %RH
2024-12-04 18:14:42,4780 ppm,23.2 °C,58.3 %RH
2024-12-04 18:14:47,4780 ppm,23.2 °C,58.3 %RH
2024-12-04 18:14:52,4780 ppm,23.2 °C,58.3 %RH
2024-12-04 18:14:57,4779 ppm,23.2 °C,58.3 %RH
2024-12-04 18:15:02,4772 ppm,23.2 °C,58.3 %RH
2024-12-04 18:15:07,4771 ppm,23.2 °C,58.3 %RH
2024-12-04 18:15:12,4771 ppm,23.2 °C,58.3 %RH
2024-12-04 18:15:18,4770 ppm,23.3 °C,58.3 %RH
2024-12-04 18:15:23,4770 ppm,23.3 °C,58.2 %RH
2024-12-04 18:15:28,4770 ppm,23.3 °C,58.2 %RH
2024-12-04 18:15:33,4771 ppm,23.3 °C,58.2 %RH
2024-12-04 18:15:38,4772 ppm,23.2 °C,58.3 %RH
2024-12-04 18:15:43,4772 ppm,23.2 °C,58.2 %RH
2024-12-04 18:15:48,4772 ppm,23.3 °C,58.2 %RH
2024-12-04 18:15:53,4772 ppm,23.3 °C,58.2 %RH
2024-12-04 18:15:58,4772 ppm,23.3 °C,58.0 %RH
2024-12-04 18:16:03,4772 ppm,23.3 °C,58.0 %RH
2024-12-04 18:16:08,4770 ppm,23.3 °C,57.9 %RH
2024-12-04 18:16:13,4770 ppm,23.3 °C,57.9 %RH
2024-12-04 18:16:18,4770 ppm,23.3 °C,57.9 %RH
2024-12-04 18:16:23,4771 ppm,23.3 °C,58.0 %RH
2024-12-04 18:16:28,4770 ppm,23.2 °C,58.1 %RH
2024-12-04 18:16:33,4768 ppm,23.2 °C,58.1 %RH
2024-12-04 18:16:38,4767 ppm,23.2 °C,58.1 %RH
2024-12-04 18:16:43,4768 ppm,23.2 °C,58.1 %RH
2024-12-04 18:16:48,4768 ppm,23.3 °C,58.3 %RH
2024-12-04 18:16:53,4768 ppm,23.2 °C,58.2 %RH
2024-12-04 18:16:58,4768 ppm,23.2 °C,58.3 %RH
2024-12-04 18:17:03,4768 ppm,23.2 °C,58.2 %RH
2024-12-04 18:17:08,4769 ppm,23.2 °C,58.4 %RH
2024-12-04 18:17:13,4778 ppm,23.2 °C,58.4 %RH
2024-12-04 18:17:18,4778 ppm,23.2 °C,58.4 %RH
2024-12-04 18:17:23,4779 ppm,23.2 °C,58.4 %RH
2024-12-04 18:17:28,4779 ppm,23.2 °C,58.3 %RH
2024-12-04 18:17:33,4780 ppm,23.3 °C,58.3 %RH
2024-12-04 18:17:38,4780 ppm,23.2 °C,58.2 %RH
2024-12-04 18:17:43,4781 ppm,23.2 °C,58.2 %RH
2024-12-04 18:17:48,4781 ppm,23.2 °C,58.2 %RH
2024-12-04 18:17:53,4783 ppm,23.2 °C,58.2 %RH
2024-12-04 18:17:58,4783 ppm,23.2 °C,58.3 %RH
2024-12-04 18:18:03,4780 ppm,23.2 °C,58.1 %RH
2024-12-04 18:18:08,4767 ppm,23.2 °C,57.9 %RH
2024-12-04 18:18:13,4761 ppm,23.2 °C,57.9 %RH
2024-12-04 18:18:18,4751 ppm,23.2 °C,57.8 %RH
2024-12-04 18:18:23,4747 ppm,23.2 °C,57.7 %RH
